SM	TF
PF00005	GRMZM5G888250
PF00017	GRMZM2G024976
PF00018	GRMZM2G093668
PF00067	GRMZM2G105807
PF00106	GRMZM2G110109
PF00107	GRMZM2G123295
PF00108	GRMZM2G140156
PF00109	GRMZM2G140411
PF00117	GRMZM2G165452
PF00118	GRMZM2G180654
PF00144	GRMZM2G000158
PF00156	GRMZM2G001799
PF00168	GRMZM2G004696
PF00171	GRMZM2G013158
PF00185	GRMZM2G018479
PF00195	GRMZM2G030465
PF00201	GRMZM2G034840
PF00202	GRMZM2G035465
PF00221	GRMZM2G037368
PF00232	GRMZM2G048131
PF00248	GRMZM2G051769
PF00264	GRMZM2G057067
PF00278	GRMZM2G059544
PF00282	GRMZM2G060022
PF00288	GRMZM2G066155
PF00289	GRMZM2G074427
PF00290	GRMZM2G074742
PF00291	GRMZM2G077356
PF00293	GRMZM2G079114
PF00303	GRMZM2G079200
PF00305	GRMZM2G079957
PF00328	GRMZM2G084993
PF00348	GRMZM2G096540
PF00368	GRMZM2G097279
PF00378	GRMZM2G103589
PF00387	GRMZM2G104176
PF00388	GRMZM2G115357
PF00407	GRMZM2G121309
PF00425	GRMZM2G122622
PF00432	GRMZM2G126422
PF00441	GRMZM2G128421
PF00450	GRMZM2G130953
PF00454	GRMZM2G134517_T01
PF00459	GRMZM2G137363
PF00465	GRMZM2G137692
PF00478	GRMZM2G138268
PF00483	GRMZM2G141205_T01
PF00487	GRMZM2G141751
PF00491	GRMZM2G142768
PF00494	GRMZM2G143850
PF00498	GRMZM2G147243
PF00501	GRMZM2G149449
PF00534	GRMZM2G152796
PF00535	GRMZM2G155082
PF00536	GRMZM2G159285
PF00550	GRMZM2G163848
PF00561	GRMZM2G167794
PF00583	GRMZM2G168699
PF00587	GRMZM2G172569
PF00596	GRMZM2G180050
PF00613	GRMZM2G013104
PF00617	GRMZM2G090213
PF00620	GRMZM2G112535
PF00668	GRMZM2G159948
PF00682	GRMZM2G000139
PF00685	GRMZM2G014185
PF00696	GRMZM2G064145
PF00698	GRMZM2G125294
PF00709	GRMZM2G128176
PF00724	GRMZM2G137072
PF00725	AC186623.5_FGP046
PF00732	AC191391.3_FGP044
PF00733	GRMZM2G000078
PF00743	GRMZM2G002832
PF00753	GRMZM2G011624
PF00765	GRMZM2G016581
PF00766	GRMZM2G028312
PF00782	GRMZM2G028317
PF00788	GRMZM2G031062
PF00797	GRMZM2G033481
PF00800	GRMZM2G034395
PF00857	GRMZM2G034495
PF00891	GRMZM2G037120
PF00908	GRMZM2G038580
PF00941	GRMZM2G044260
PF00975	GRMZM2G046021
PF00982	GRMZM2G046288
PF01008	GRMZM2G049730
PF01012	GRMZM2G050137
PF01022	GRMZM2G050634
PF01040	GRMZM2G055141
PF01041	GRMZM2G057554
PF01048	GRMZM2G058575
PF01063	GRMZM2G059302
PF01066	GRMZM2G060025
PF01073	GRMZM2G061150
PF01118	GRMZM2G062657
PF01128	GRMZM2G066626
PF01148	GRMZM2G073972
PF01154	GRMZM2G080189
PF01222	GRMZM2G083818
PF01227	GRMZM2G085307
PF01242	GRMZM2G086634
PF01243	GRMZM2G096352
PF01255	GRMZM2G099305
PF01315	GRMZM2G100872
PF01363	GRMZM2G104670
PF01381	GRMZM2G106245
PF01397	GRMZM2G118466
PF01408	GRMZM2G123159
PF01467	GRMZM2G126856
PF01474	GRMZM2G131618
PF01477	GRMZM2G134426
PF01494	GRMZM2G135849
PF01501	GRMZM2G136389
PF01504	GRMZM2G137715
PF01575	GRMZM2G137961
PF01593	GRMZM2G141054
PF01596	GRMZM2G142281
PF01636	GRMZM2G162056
PF01643	GRMZM2G166576
PF01658	GRMZM2G169326
PF01678	GRMZM2G172119
PF01729	GRMZM2G175891
PF01756	GRMZM2G176723
PF01761	GRMZM2G179435
PF01799	AC186524.3_FGP037
PF01817	GRMZM2G013821
PF01887	GRMZM2G024247
PF01959	GRMZM2G032252
PF02153	GRMZM2G053521
PF02211	GRMZM2G060253
PF02274	GRMZM2G066528
PF02353	GRMZM2G079250
PF02383	GRMZM2G081580
PF02401	GRMZM2G089107
PF02431	GRMZM2G125648
PF02441	GRMZM2G130182
PF02453	GRMZM2G144398
PF02458	GRMZM2G145968
PF02522	GRMZM2G156785
PF02542	GRMZM2G162284
PF02543	GRMZM2G027061
PF02567	GRMZM2G085254
PF02585	GRMZM2G100881
PF02595	AC177840.3_FGP053
PF02615	GRMZM2G025326
PF02655	GRMZM2G025658
PF02664	GRMZM2G027075
PF02668	GRMZM2G044301
PF02670	GRMZM2G054162
PF02729	GRMZM2G057466
PF02737	GRMZM2G060919
PF02738	GRMZM2G061170
PF02749	GRMZM2G070885
PF02770	GRMZM2G078198
PF02771	GRMZM2G080760
PF02784	GRMZM2G081556
PF02785	GRMZM2G107109
PF02786	GRMZM2G108589
PF02797	GRMZM2G115717
PF02801	GRMZM2G117538
PF02803	GRMZM2G140524
PF02894	GRMZM2G142964
PF02900	GRMZM2G152877
PF02979	GRMZM2G156910
PF03033	GRMZM2G162582
PF03055	GRMZM2G174447
PF03061	GRMZM2G177418
PF03079	GRMZM2G180086
PF03088	GRMZM2G036169
PF03171	GRMZM2G042584
PF03241	GRMZM2G060894
PF03284	GRMZM2G062822
PF03301	GRMZM2G079013
PF03364	GRMZM2G178994
PF03372	GRMZM2G019031
PF03417	GRMZM2G051135
PF03447	GRMZM2G094912
PF03450	GRMZM2G101480
PF03492	GRMZM2G017537
PF03559	GRMZM2G114411
PF03583	GRMZM2G061672
PF03621	GRMZM2G066981
PF03662	AC208440.2_FGP043
PF03770	GRMZM2G006032
PF03781	GRMZM2G009552
PF03936	GRMZM2G011434
PF03992	GRMZM2G011648
PF04055	GRMZM2G013794
PF04072	GRMZM2G022945
PF04107	GRMZM2G025703
PF04116	GRMZM2G031075
PF04199	GRMZM2G032604
PF04275	GRMZM2G032748
PF04321	GRMZM2G036160
PF04339	GRMZM2G038050
PF04551	GRMZM2G039895
PF04655	GRMZM2G045544
PF04673	GRMZM2G050495
PF04715	GRMZM2G057070
PF04820	GRMZM2G059266
PF04863	GRMZM2G062376
PF04864	GRMZM2G062831
PF04909	GRMZM2G065364
PF05014	GRMZM2G067876
PF05116	GRMZM2G068331
PF05139	GRMZM2G071613
PF05199	GRMZM2G073581
PF05241	GRMZM2G076965
PF05368	GRMZM2G079349
PF05691	GRMZM2G081350
PF05711	GRMZM2G084202
PF05721	GRMZM2G084296
PF05770	GRMZM2G084665
PF05834	GRMZM2G085266
PF05995	GRMZM2G087482
PF06057	GRMZM2G091103
PF06090	GRMZM2G091265
PF06094	GRMZM2G097726
PF06351	GRMZM2G099216
PF06508	GRMZM2G102098
PF06602	GRMZM2G103230
PF07137	GRMZM2G108288
PF07143	GRMZM2G108867
PF07298	GRMZM2G119357
PF07366	GRMZM2G119442
PF07731	GRMZM2G138579
PF07859	GRMZM2G142197
PF07883	GRMZM2G143042
PF07993	GRMZM2G150786
PF07994	GRMZM2G151875
PF08031	GRMZM2G155123
PF08100	GRMZM2G156104
PF08241	GRMZM2G158194
PF08242	GRMZM2G161479
PF08392	GRMZM2G162368
PF08415	GRMZM2G168249
PF08421	GRMZM2G170412
PF08436	GRMZM2G172440
PF08484	GRMZM2G173852
PF08491	GRMZM2G174266
PF08498	GRMZM2G177087
PF08540	GRMZM2G178072
PF08541	GRMZM2G020081
PF08543	GRMZM2G033962
PF08544	GRMZM2G095727
PF08545	GRMZM2G179024
PF08659	GRMZM2G003043
PF08703	GRMZM2G016997
PF08892	GRMZM2G033828
PF08990	GRMZM2G137537
PF09277	GRMZM2G153150
PF09279	GRMZM2G155528
PF09788	GRMZM2G156101
PF10017	GRMZM2G045331
PF10397	GRMZM2G140552
PF10409	GRMZM2G159241
PF10590	GRMZM2G000408
PF10604	GRMZM2G001103
PF11468	GRMZM2G008654
PF11794	GRMZM2G016901
PF11991	GRMZM2G020343
PF12680	GRMZM2G021044
PF12681	GRMZM2G024477
PF12697	GRMZM2G025924
PF12804	GRMZM2G031407
PF12867	GRMZM2G033694
PF13186	GRMZM2G034288
PF13193	GRMZM2G043484
PF13243	GRMZM2G045507
PF13249	GRMZM2G047695
PF13277	GRMZM2G051707
PF13288	GRMZM2G054380
PF13292	GRMZM2G055381
PF13323	GRMZM2G057692
PF13380	GRMZM2G058700
PF13419	GRMZM2G060478
PF13450	GRMZM2G061059
PF13508	GRMZM2G061709
PF13537	GRMZM2G063030
PF13579	GRMZM2G063316
PF13580	GRMZM2G067746
PF13847	GRMZM2G071957
PF14226	GRMZM2G072440
PF14299	GRMZM2G074094
PF14399	GRMZM2G075600
PF14749	GRMZM2G077258
PF14765	GRMZM2G078458
	GRMZM2G078835
	GRMZM2G084996
	GRMZM2G092131
	GRMZM2G092759
	GRMZM2G098418
	GRMZM2G102875
	GRMZM2G105869
	GRMZM2G108536
	GRMZM2G112145
	GRMZM2G117458
	GRMZM2G117933
	GRMZM2G118956
	GRMZM2G124729
	GRMZM2G125432
	GRMZM2G137866
	GRMZM2G138115
	GRMZM2G139710
	GRMZM2G140577
	GRMZM2G142634
	GRMZM2G147619
	GRMZM2G149153
	GRMZM2G153229
	GRMZM2G160662
	GRMZM2G165011
	GRMZM2G172427
	GRMZM2G172828
	GRMZM2G000342
	GRMZM2G010085
	GRMZM2G010342
	GRMZM2G015190
	GRMZM2G021233
	GRMZM2G023559
	GRMZM2G030768
	GRMZM2G035802
	GRMZM2G036695
	GRMZM2G047500
	GRMZM2G064574
	GRMZM2G070264
	GRMZM2G071025
	GRMZM2G076931
	GRMZM2G078364
	GRMZM2G085689
	GRMZM2G091262
	GRMZM2G093940
	GRMZM2G097289
	GRMZM2G102625
	GRMZM2G108166
	GRMZM2G117060
	GRMZM2G117629
	GRMZM2G126590
	GRMZM2G126774
	GRMZM2G132405
	GRMZM2G138125
	GRMZM2G146041
	GRMZM2G148249
	GRMZM2G149157
	GRMZM2G154100
	GRMZM2G154946
	GRMZM2G163849
	GRMZM2G167780
	GRMZM2G168096
	GRMZM2G169042
	GRMZM2G172250
	GRMZM2G172356
	GRMZM2G177165
	GRMZM2G178435
	GRMZM2G180705
	GRMZM2G139683
	AC206780.3_FGP042
	GRMZM2G000298
	GRMZM2G002160
	GRMZM2G002845
	GRMZM2G022382
	GRMZM2G032631
	GRMZM2G033091
	GRMZM2G035325
	GRMZM2G046286
	GRMZM2G049539
	GRMZM2G052416
	GRMZM2G077088
	GRMZM2G078379
	GRMZM2G083880
	GRMZM2G084426
	GRMZM2G092765
	GRMZM2G106257
	GRMZM2G107824
	GRMZM2G124502
	GRMZM2G124620
	GRMZM2G143788
	GRMZM2G148198
	GRMZM2G164253
	GRMZM2G167191
	GRMZM2G168117
	GRMZM2G171588
	GRMZM2G019863
	GRMZM2G030529
	GRMZM2G059958
	GRMZM2G119261
	GRMZM2G149786
	GRMZM2G004161
	GRMZM2G004523
	GRMZM2G009724
	GRMZM2G010794
	GRMZM2G017404
	GRMZM2G019542
	GRMZM2G022606
	GRMZM2G026556
	GRMZM2G038691
	GRMZM2G040465
	GRMZM2G040509
	GRMZM2G041963
	GRMZM2G046342
	GRMZM2G048192
	GRMZM2G052985
	GRMZM2G060723
	GRMZM2G060765
	GRMZM2G066038
	GRMZM2G071885
	GRMZM2G076462
	GRMZM2G077197
	GRMZM2G077428
	GRMZM2G077951_T01
	GRMZM2G088086
	GRMZM2G095510
	GRMZM2G096819
	GRMZM2G098227
	GRMZM2G100946
	GRMZM2G103251
	GRMZM2G103314
	GRMZM2G104338
	GRMZM2G109738
	GRMZM2G120928
	GRMZM2G120930
	GRMZM2G121115
	GRMZM2G128485
	GRMZM2G128623
	GRMZM2G130505
	GRMZM2G136754
	GRMZM2G143782
	GRMZM2G160892
	GRMZM2G161569
	GRMZM2G161610
	GRMZM2G163671
	GRMZM2G164669
	GRMZM2G171951
	GRMZM2G172114
	GRMZM2G174144
	GRMZM2G178375
	GRMZM2G178684
	GRMZM2G180162
	AC190702.3_FGP020
	AC193767.3_FGP027
	AC194362.3_FGP021
	AC200622.3_FGP046
	GRMZM2G001048
	GRMZM2G007519
	GRMZM2G008356
	GRMZM2G017187
	GRMZM2G018485
	GRMZM2G019956
	GRMZM2G021252
	GRMZM2G024339
	GRMZM2G024948
	GRMZM2G027253
	GRMZM2G027760
	GRMZM2G028794
	GRMZM2G039741
	GRMZM2G045113
	GRMZM2G045847
	GRMZM2G051928
	GRMZM2G065478
	GRMZM2G065496
	GRMZM2G065538
	GRMZM2G067979
	GRMZM2G081337
	GRMZM2G082227
	GRMZM2G084371
	GRMZM2G088413
	GRMZM2G088427
	GRMZM2G092507
	GRMZM2G098063
	GRMZM2G098443
	GRMZM2G098458
	GRMZM2G102059
	GRMZM2G102938
	GRMZM2G104948
	GRMZM2G106086
	GRMZM2G106673
	GRMZM2G109480
	GRMZM2G109879
	GRMZM2G111123
	GRMZM2G123461
	GRMZM2G125095
	GRMZM2G126194
	GRMZM2G128960
	GRMZM2G130753
	GRMZM2G133398
	GRMZM2G139548
	GRMZM2G142999
	GRMZM2G147313
	GRMZM2G149940
	GRMZM2G150419
	GRMZM2G158162
	GRMZM2G164390
	GRMZM2G172621
	GRMZM2G174610
	GRMZM2G177244
	GRMZM2G179121
	GRMZM2G179379
	GRMZM2G180168
	GRMZM2G181254
	GRMZM2G017142
	GRMZM2G028668
	GRMZM2G038066
	GRMZM2G038182
	GRMZM2G047316
	GRMZM2G057201
	GRMZM2G063864
	GRMZM2G073647
	GRMZM2G080917
	GRMZM2G107807
	GRMZM2G110962
	GRMZM2G111450
	GRMZM2G115424
	GRMZM2G121414
	GRMZM2G148810
	GRMZM2G153087
	GRMZM2G172001
	GRMZM2G175293
	AC184833.2_FGP037
	AC188759.3_FGP038
	AC191036.2_FGP031
	AC191727.3_FGP040
	AC200038.4_FGP046
	AC200497.4_FGP041
	AC202889.3_FGP043
	AC203168.3_FGP025
	AC203218.3_FGP032
	AC203745.3_FGP039
	AC204230.3_FGP032
	AC205072.3_FGP033
	AC205602.3_FGP028
	AC206031.3_FGP041
	AC206951.3_FGP050
	AC208626.2_FGP035
	AC209251.3_FGP034
	AC210298.2_FGP041
	AC210530.3_FGP039
	AC213639.3_FGP051
	AC213666.3_FGP035
	AC213781.3_FGP050
	AC214241.3_FGP028
	AC225558.3_FGP048
	AC231401.1_FGP038
	GRMZM2G000520
	GRMZM2G001834
	GRMZM2G002119
	GRMZM2G003466
	GRMZM2G005301
	GRMZM2G006133
	GRMZM2G006745
	GRMZM2G007061
	GRMZM2G007406
	GRMZM2G007727
	GRMZM2G008157
	GRMZM2G008234
	GRMZM2G009598
	GRMZM2G010100
	GRMZM2G010345
	GRMZM2G010647
	GRMZM2G011110
	GRMZM2G011236
	GRMZM2G012836
	GRMZM2G013657
	GRMZM2G015281
	GRMZM2G016079
	GRMZM2G016341
	GRMZM2G016434
	GRMZM2G018138
	GRMZM2G018266
	GRMZM2G018398
	GRMZM2G018859
	GRMZM2G018984
	GRMZM2G019400
	GRMZM2G019443
	GRMZM2G019656
	GRMZM2G019698
	GRMZM2G020016
	GRMZM2G020054
	GRMZM2G020150
	GRMZM2G021369
	GRMZM2G021573
	GRMZM2G021790
	GRMZM2G021992
	GRMZM2G022359
	GRMZM2G023300
	GRMZM2G023708
	GRMZM2G024871
	GRMZM2G025062
	GRMZM2G025068
	GRMZM2G025710
	GRMZM2G026926
	GRMZM2G028102
	GRMZM2G028151
	GRMZM2G028386
	GRMZM2G028969
	GRMZM2G029323
	GRMZM2G030344
	GRMZM2G030513
	GRMZM2G033656
	GRMZM2G038129
	GRMZM2G039028
	GRMZM2G039112
	GRMZM2G039718
	GRMZM2G039870
	GRMZM2G040434
	GRMZM2G040664
	GRMZM2G041839
	GRMZM2G042395
	GRMZM2G042756
	GRMZM2G042832
	GRMZM2G043840
	GRMZM2G044077
	GRMZM2G044272
	GRMZM2G045742
	GRMZM2G047918
	GRMZM2G047999
	GRMZM2G048621
	GRMZM2G049359
	GRMZM2G050654
	GRMZM2G050851
	GRMZM2G052044
	GRMZM2G052667
	GRMZM2G052720
	GRMZM2G053503
	GRMZM2G055070
	GRMZM2G055078
	GRMZM2G055180
	GRMZM2G055204
	GRMZM2G056541
	GRMZM2G056729
	GRMZM2G056847
	GRMZM2G057386
	GRMZM2G059939
	GRMZM2G060206
	GRMZM2G060465
	GRMZM2G060517
	GRMZM2G060876
	GRMZM2G061227
	GRMZM2G061365
	GRMZM2G061487
	GRMZM2G062608
	GRMZM2G063665
	GRMZM2G064379
	GRMZM2G065308
	GRMZM2G066158
	GRMZM2G067463
	GRMZM2G068967
	GRMZM2G069082
	GRMZM2G069126
	GRMZM2G069146
	GRMZM2G069521
	GRMZM2G069592
	GRMZM2G069797
	GRMZM2G072926
	GRMZM2G073047
	GRMZM2G073258
	GRMZM2G073982
	GRMZM2G075433
	GRMZM2G076602
	GRMZM2G076896
	GRMZM2G079653
	GRMZM2G079825
	GRMZM2G080144
	GRMZM2G080286
	GRMZM2G080374
	GRMZM2G080516
	GRMZM2G081091
	GRMZM2G081892
	GRMZM2G082895
	GRMZM2G084264
	GRMZM2G085678
	GRMZM2G085964
	GRMZM2G086573
	GRMZM2G087059
	GRMZM2G087121
	GRMZM2G088842
	GRMZM2G089995
	GRMZM2G093595
	GRMZM2G094275
	GRMZM2G095719
	GRMZM2G097182
	GRMZM2G097992
	GRMZM2G098950
	GRMZM2G099326
	GRMZM2G100727
	GRMZM2G100982
	GRMZM2G101491
	GRMZM2G102425
	GRMZM2G103085
	GRMZM2G103191
	GRMZM2G104260
	GRMZM2G104866
	GRMZM2G105266
	GRMZM2G106228
	GRMZM2G106238
	GRMZM2G106591
	GRMZM2G107060
	GRMZM2G110333
	GRMZM2G110495
	GRMZM2G111161
	GRMZM2G113060
	GRMZM2G116045
	GRMZM2G116454
	GRMZM2G116539
	GRMZM2G117203
	GRMZM2G117512
	GRMZM2G119341
	GRMZM2G120401
	GRMZM2G123119
	GRMZM2G124011
	GRMZM2G124037
	GRMZM2G124524
	GRMZM2G125460
	GRMZM2G126116
	GRMZM2G127657
	GRMZM2G128496
	GRMZM2G129123
	GRMZM2G129526
	GRMZM2G129674
	GRMZM2G129777
	GRMZM2G130459
	GRMZM2G130508
	GRMZM2G131266
	GRMZM2G131281
	GRMZM2G132185
	GRMZM2G132223
	GRMZM2G133168
	GRMZM2G135187
	GRMZM2G135452
	GRMZM2G136256
	GRMZM2G137094
	GRMZM2G137341
	GRMZM2G138374
	GRMZM2G138396
	GRMZM2G138642
	GRMZM2G138646
	GRMZM2G139082
	GRMZM2G139113
	GRMZM2G139740
	GRMZM2G139765
	GRMZM2G141219
	GRMZM2G141231
	GRMZM2G141335
	GRMZM2G141638
	GRMZM2G141679
	GRMZM2G141920
	GRMZM2G142179
	GRMZM2G142974
	GRMZM2G144417
	GRMZM2G145785
	GRMZM2G145807
	GRMZM2G146028
	GRMZM2G146660
	GRMZM2G146688
	GRMZM2G148333
	GRMZM2G149756
	GRMZM2G150119
	GRMZM2G151239
	GRMZM2G151542
	GRMZM2G155876
	GRMZM2G156006
	GRMZM2G156499
	GRMZM2G156737
	GRMZM2G159592
	GRMZM2G160050
	GRMZM2G160419
	GRMZM2G160730
	GRMZM2G160971
	GRMZM2G161699
	GRMZM2G163745
	GRMZM2G164302
	GRMZM2G164591
	GRMZM2G164656
	GRMZM2G165257
	GRMZM2G169382
	GRMZM2G169654
	GRMZM2G171179
	GRMZM2G171569
	GRMZM2G173771
	GRMZM2G174347
	GRMZM2G174784
	GRMZM2G174834
	GRMZM2G174917
	GRMZM2G175525
	GRMZM2G175543
	GRMZM2G175856
	GRMZM2G175866
	GRMZM2G176175
	GRMZM2G176772
	GRMZM2G176920
	GRMZM2G178131
	GRMZM2G178673
	GRMZM2G005284
	GRMZM2G006042
	GRMZM2G014864
	GRMZM2G023813
	GRMZM2G028980
	GRMZM2G030710
	GRMZM2G033009
	GRMZM2G035405
	GRMZM2G036626
	GRMZM2G052055
	GRMZM2G053143
	GRMZM2G056120
	GRMZM2G067471
	GRMZM2G069908
	GRMZM2G071857
	GRMZM2G073750
	GRMZM2G075715
	GRMZM2G075811
	GRMZM2G078274
	GRMZM2G081158
	GRMZM2G081406
	GRMZM2G085248
	GRMZM2G086949
	GRMZM2G089640
	GRMZM2G093141
	GRMZM2G100074
	GRMZM2G102845
	GRMZM2G108176
	GRMZM2G115292
	GRMZM2G116557
	GRMZM2G125717
	GRMZM2G134112
	GRMZM2G134344
	GRMZM2G137413
	GRMZM2G140881
	GRMZM2G141423
	GRMZM2G151269
	GRMZM2G153233
	GRMZM2G158491
	GRMZM2G159399
	GRMZM2G160005
	GRMZM2G167205
	GRMZM2G169820
	GRMZM2G172960
	GRMZM2G175045
	GRMZM2G013612
	GRMZM2G054336
	GRMZM2G060217
	GRMZM2G099797
	GRMZM2G100318
	GRMZM2G109616
	GRMZM2G126834
	GRMZM2G140585
	GRMZM2G152293
	GRMZM2G154081
	GRMZM2G177220
	GRMZM2G179646
	GRMZM2G056959
	GRMZM2G118690
	GRMZM2G164735
	GRMZM2G165310
	GRMZM2G166230
	GRMZM2G179366
	AC208411.3_FGP049
	GRMZM2G022259
	GRMZM2G036920
	GRMZM2G050169
	GRMZM2G055626
	GRMZM2G069486
	GRMZM2G102514
	GRMZM2G145925
	GRMZM2G152172
	AC177924.2_FGP038
	AC185481.5_FGP045
	AC186287.7_FGP040
	AC191118.3_FGP045
	AC197433.2_FGP035
	AC197691.3_FGP034
	AC211622.4_FGP040
	AC215685.1_FGP032
	GRMZM2G001879
	GRMZM2G001930
	GRMZM2G004356
	GRMZM2G004501
	GRMZM2G006631
	GRMZM2G007562
	GRMZM2G008691
	GRMZM2G008898
	GRMZM2G009205
	GRMZM2G009478
	GRMZM2G009837
	GRMZM2G013411
	GRMZM2G013688
	GRMZM2G014478
	GRMZM2G015493
	GRMZM2G015666
	GRMZM2G016039
	GRMZM2G016756
	GRMZM2G017145
	GRMZM2G017349
	GRMZM2G017586
	GRMZM2G018472
	GRMZM2G018526
	GRMZM2G019806
	GRMZM2G020102
	GRMZM2G020316
	GRMZM2G021276
	GRMZM2G021701
	GRMZM2G021927
	GRMZM2G022126
	GRMZM2G024530
	GRMZM2G027068
	GRMZM2G027563
	GRMZM2G029320
	GRMZM2G029523
	GRMZM2G030744
	GRMZM2G030762
	GRMZM2G031042
	GRMZM2G033215
	GRMZM2G033356
	GRMZM2G033622
	GRMZM2G033826
	GRMZM2G035576
	GRMZM2G036092
	GRMZM2G036554
	GRMZM2G036727
	GRMZM2G038315
	GRMZM2G038479_T01
	GRMZM2G038581
	GRMZM2G038760
	GRMZM2G042101
	GRMZM2G042893
	GRMZM2G042895
	GRMZM2G042920
	GRMZM2G043854
	GRMZM2G045109
	GRMZM2G045883
	GRMZM2G046493
	GRMZM2G048088
	GRMZM2G048873
	GRMZM2G049229
	GRMZM2G049686
	GRMZM2G049817
	GRMZM2G051874
	GRMZM2G053012
	GRMZM2G054564
	GRMZM2G054673
	GRMZM2G057260
	GRMZM2G057413
	GRMZM2G058451
	GRMZM2G059050
	GRMZM2G060359
	GRMZM2G060710
	GRMZM2G061052
	GRMZM2G061906
	GRMZM2G062458
	GRMZM2G062541
	GRMZM2G064071
	GRMZM2G064571
	GRMZM2G064638
	GRMZM2G065311
	GRMZM2G065374
	GRMZM2G066057
	GRMZM2G067654
	GRMZM2G068604
	GRMZM2G068863
	GRMZM2G069140
	GRMZM2G070269
	GRMZM2G072182
	GRMZM2G072376
	GRMZM2G073267
	GRMZM2G074438
	GRMZM2G074439
	GRMZM2G074501
	GRMZM2G076636
	GRMZM2G078303
	GRMZM2G078419
	GRMZM2G079516
	GRMZM2G080054
	GRMZM2G080168
	GRMZM2G081816
	GRMZM2G082343
	GRMZM2G082586
	GRMZM2G082630
	GRMZM2G083504
	GRMZM2G083799
	GRMZM2G085467
	GRMZM2G085720
	GRMZM2G085751
	GRMZM2G086204
	GRMZM2G086216
	GRMZM2G086474
	GRMZM2G086601
	GRMZM2G086978
	GRMZM2G087622
	GRMZM2G088443
	GRMZM2G089501
	GRMZM2G091003
	GRMZM2G091788
	GRMZM2G092091
	GRMZM2G093423
	GRMZM2G093744
	GRMZM2G094819
	GRMZM2G094892
	GRMZM2G095899
	GRMZM2G097028
	GRMZM2G097346
	GRMZM2G098353
	GRMZM2G100182
	GRMZM2G101350
	GRMZM2G102951
	GRMZM2G103650
	GRMZM2G103660
	GRMZM2G104777
	GRMZM2G104821
	GRMZM2G105745
	GRMZM2G107183
	GRMZM2G107276
	GRMZM2G107560
	GRMZM2G107672
	GRMZM2G111146
	GRMZM2G111666
	GRMZM2G112629
	GRMZM2G112667
	GRMZM2G113257
	GRMZM2G114382
	GRMZM2G114444
	GRMZM2G114873
	GRMZM2G115960
	GRMZM2G116785
	GRMZM2G117690
	GRMZM2G119823
	GRMZM2G120021
	GRMZM2G120071
	GRMZM2G123002
	GRMZM2G123303
	GRMZM2G128807
	GRMZM2G132550
	GRMZM2G133675
	GRMZM2G134735
	GRMZM2G134901
	GRMZM2G135577
	GRMZM2G137358
	GRMZM2G137374
	GRMZM2G137541
	GRMZM2G139372
	GRMZM2G142932
	GRMZM2G144275
	GRMZM2G144336
	GRMZM2G145146
	GRMZM2G145579
	GRMZM2G147685
	GRMZM2G148723
	GRMZM2G150327
	GRMZM2G150415
	GRMZM2G150935
	GRMZM2G151931
	GRMZM2G153454
	GRMZM2G153707
	GRMZM2G155043
	GRMZM2G155762
	GRMZM2G155905
	GRMZM2G159937
	GRMZM2G162382
	GRMZM2G162450
	GRMZM2G162998
	GRMZM2G163233
	GRMZM2G163831
	GRMZM2G164341
	GRMZM2G165042
	GRMZM2G165090
	GRMZM2G165316
	GRMZM2G165399
	GRMZM2G165977
	GRMZM2G166642
	GRMZM2G170559
	GRMZM2G171464
	GRMZM2G171818
	GRMZM2G172297
	GRMZM2G172795
	GRMZM2G173372
	GRMZM2G173521
	GRMZM2G173534
	GRMZM2G173862
	GRMZM2G173953
	GRMZM2G175480
	GRMZM2G175955
	GRMZM2G176141
	GRMZM2G176289
	GRMZM2G176813
	GRMZM2G178182
	GRMZM2G180406
	GRMZM2G180452
	GRMZM2G181433
	GRMZM2G013378
	GRMZM2G026127
	GRMZM2G027535
	GRMZM2G066674
	GRMZM2G090187
	GRMZM2G111672
	GRMZM2G127548
	GRMZM2G128368
	GRMZM2G132063
	GRMZM2G135621
	GRMZM2G145594
	GRMZM2G167207
	GRMZM2G170161
	AC191536.3_FGP036
	AC203408.4_FGP035
	AC204554.3_FGP020
	AC204897.3_FGP039
	AC205490.4_FGP043
	AC206505.3_FGP028
	AC208031.3_FGP032
	AC209837.4_FGP031
	AC210010.4_FGP027
	AC217904.2_FGP044
	GRMZM2G000171
	GRMZM2G000842
	GRMZM2G002075
	GRMZM2G006578
	GRMZM2G007063
	GRMZM2G011932
	GRMZM2G012205
	GRMZM2G015534
	GRMZM2G016150
	GRMZM2G019106
	GRMZM2G019446
	GRMZM2G019521
	GRMZM2G019589
	GRMZM2G020799
	GRMZM2G020993
	GRMZM2G023767
	GRMZM2G025812
	GRMZM2G027976
	GRMZM2G029516
	GRMZM2G030877
	GRMZM2G033049
	GRMZM2G033230
	GRMZM2G037910
	GRMZM2G038015
	GRMZM2G039828
	GRMZM2G042960
	GRMZM2G043600
	GRMZM2G043660
	GRMZM2G045236
	GRMZM2G052102
	GRMZM2G053255
	GRMZM2G055413
	GRMZM2G055597
	GRMZM2G058172
	GRMZM2G060109
	GRMZM2G060216
	GRMZM2G060290
	GRMZM2G061509
	GRMZM2G061517
	GRMZM2G062391
	GRMZM2G062736
	GRMZM2G063106
	GRMZM2G066581
	GRMZM2G066734
	GRMZM2G068844
	GRMZM2G069396
	GRMZM2G073427
	GRMZM2G073892
	GRMZM2G074373
	GRMZM2G077124
	GRMZM2G078975
	GRMZM2G079365
	GRMZM2G079524
	GRMZM2G080111
	GRMZM2G080731
	GRMZM2G087565
	GRMZM2G091555
	GRMZM2G092137
	GRMZM2G093020
	GRMZM2G093153
	GRMZM2G094352
	GRMZM2G095078
	GRMZM2G095814
	GRMZM2G098904
	GRMZM2G102170
	GRMZM2G103647
	GRMZM2G108223
	GRMZM2G108401
	GRMZM2G112483
	GRMZM2G113122
	GRMZM2G117260
	GRMZM2G117851
	GRMZM2G118393
	GRMZM2G122846
	GRMZM2G125243
	GRMZM2G125384
	GRMZM2G125934
	GRMZM2G129247
	GRMZM2G129256
	GRMZM2G129518
	GRMZM2G131961
	GRMZM2G132868
	GRMZM2G132976
	GRMZM2G133331
	GRMZM2G135987
	GRMZM2G136266
	GRMZM2G137046
	GRMZM2G137532
	GRMZM2G138619
	GRMZM2G140355
	GRMZM2G142187
	GRMZM2G144480
	GRMZM2G144953
	GRMZM2G145425
	GRMZM2G145571
	GRMZM2G146020
	GRMZM2G149040
	GRMZM2G149150
	GRMZM2G149961
	GRMZM2G151295
	GRMZM2G151491
	GRMZM2G153144
	GRMZM2G157177
	GRMZM2G157722
	GRMZM2G158313
	GRMZM2G159006
	GRMZM2G159134
	GRMZM2G161009
	GRMZM2G161602
	GRMZM2G163643
	GRMZM2G164622
	GRMZM2G167448
	GRMZM2G168079
	GRMZM2G168204
	GRMZM2G171370
	GRMZM2G171912
	GRMZM2G172048
	GRMZM2G172246
	GRMZM2G175267
	GRMZM2G175280
	GRMZM2G175567
	GRMZM2G175870
	GRMZM2G177046
	GRMZM2G178231
	GRMZM2G179587
	GRMZM2G180598
	GRMZM2G180847
	GRMZM2G181190
	GRMZM2G011004
	GRMZM2G012717
	GRMZM2G013398
	GRMZM2G021777
	GRMZM2G038783
	GRMZM2G039005
	GRMZM2G041991
	GRMZM2G042198
	GRMZM2G051671
	GRMZM2G053386
	GRMZM2G075562
	GRMZM2G092363
	GRMZM2G095598
	GRMZM2G102882
	GRMZM2G107886
	GRMZM2G114137
	GRMZM2G123270
	GRMZM2G134671
	GRMZM2G137916
	GRMZM2G143673
	GRMZM2G144346
	GRMZM2G146884
	GRMZM2G148772
	GRMZM2G159996
	GRMZM2G167560
	GRMZM2G173339
	GRMZM2G176173
	AC190482.1_FGP031
	AC194246.3_FGP043
	AC214789.2_FGP025
	AC215860.3_FGP033
	GRMZM2G001066
	GRMZM2G007176
	GRMZM2G009406
	GRMZM2G010290
	GRMZM2G011832
	GRMZM2G017470
	GRMZM2G025521
	GRMZM2G027729
	GRMZM2G027973
	GRMZM2G033646
	GRMZM2G042218
	GRMZM2G045678
	GRMZM2G047353
	GRMZM2G061292
	GRMZM2G064655
	GRMZM2G073256
	GRMZM2G081262
	GRMZM2G082490
	GRMZM2G084130
	GRMZM2G089949
	GRMZM2G091907
	GRMZM2G093725
	GRMZM2G108865
	GRMZM2G112458
	GRMZM2G114998
	GRMZM2G123900
	GRMZM2G131897
	GRMZM2G134545
	GRMZM2G135703
	GRMZM2G137502
	GRMZM2G138455
	GRMZM2G140694
	GRMZM2G142718
	GRMZM2G144172
	GRMZM2G146283
	GRMZM2G148572
	GRMZM2G153808
	GRMZM2G158309
	GRMZM2G162749
	GRMZM2G163207
	GRMZM2G166223
	GRMZM2G171852
	GRMZM2G176063
	GRMZM2G178767
	GRMZM2G179069
	GRMZM2G179184
	GRMZM2G180279
	AC184831.3_FGP042
	AC184831.3_FGP045
	AC203908.3_FGP033
	AC209642.1_FGP045
	GRMZM2G002232
	GRMZM2G025002
	GRMZM2G026240
	GRMZM2G028411_T01
	GRMZM2G031983
	GRMZM2G036683
	GRMZM2G039586
	GRMZM2G042822
	GRMZM2G044576
	GRMZM2G048850
	GRMZM2G052616
	GRMZM2G054615
	GRMZM2G058479
	GRMZM2G065896
	GRMZM2G067171
	GRMZM2G077002
	GRMZM2G078813
	GRMZM2G080401
	GRMZM2G080509
	GRMZM2G095571
	GRMZM2G098666
	GRMZM2G101058
	GRMZM2G103432
	GRMZM2G104127
	GRMZM2G104390
	GRMZM2G104431
	GRMZM2G110295
	GRMZM2G113098
	GRMZM2G114775
	GRMZM2G118214
	GRMZM2G120108
	GRMZM2G123909
	GRMZM2G128668
	GRMZM2G131753
	GRMZM2G135381
	GRMZM2G138272
	GRMZM2G138967
	GRMZM2G140669
	GRMZM2G163200
	GRMZM2G166907
	GRMZM2G171689
	GRMZM2G178377
	GRMZM2G005353
	GRMZM2G034606
	GRMZM2G045247
	GRMZM2G046829
	GRMZM2G054795
	GRMZM2G074222
	GRMZM2G074543
	GRMZM2G079293
	GRMZM2G085873
	GRMZM2G088309
	GRMZM2G102218
	GRMZM2G106204
	GRMZM2G116646
	GRMZM2G133164
	GRMZM2G141955
	GRMZM2G167824
	GRMZM2G174599
	AC183950.1_FGP036
	AC185655.3_FGP040
	AC185655.3_FGP043
	AC187341.3_FGP031
	AC194616.2_FGP024
	AC194972.2_FGP046
	AC198081.2_FGP042
	AC198477.3_FGP023
	AC198506.3_FGP032
	AC199154.3_FGP027
	AC201740.3_FGP045
	AC201740.3_FGP046
	AC203324.3_FGP035
	AC205992.3_FGP040
	AC207699.4_FGP036
	AC210302.3_FGP042
	AC210906.3_FGP026
	AC211702.2_FGP035
	AC211756.4_FGP034
	AC211891.4_FGP027
	AC212122.4_FGP041
	AC214490.3_FGP047
	AC215290.3_FGP038
	AC217491.3_FGP037
	AC231605.1_FGP032
	GRMZM2G000103
	GRMZM2G000126
	GRMZM2G000836
	GRMZM2G001205
	GRMZM2G001502
	GRMZM2G002805
	GRMZM2G002983
	GRMZM2G003234
	GRMZM2G003927
	GRMZM2G006282
	GRMZM2G006652
	GRMZM2G007456
	GRMZM2G011357
	GRMZM2G015579
	GRMZM2G017152
	GRMZM2G017456
	GRMZM2G020370
	GRMZM2G021587
	GRMZM2G022213
	GRMZM2G023615
	GRMZM2G023988
	GRMZM2G026171
	GRMZM2G027333
	GRMZM2G027960
	GRMZM2G028046
	GRMZM2G028766
	GRMZM2G029372
	GRMZM2G031570
	GRMZM2G032607
	GRMZM2G034853
	GRMZM2G035103
	GRMZM2G035115
	GRMZM2G035625
	GRMZM2G037181
	GRMZM2G037574
	GRMZM2G038291
	GRMZM2G040301
	GRMZM2G050939
	GRMZM2G056045
	GRMZM2G057035
	GRMZM2G058197
	GRMZM2G058706
	GRMZM2G058868
	GRMZM2G062361
	GRMZM2G065092
	GRMZM2G068710
	GRMZM2G069176
	GRMZM2G071101
	GRMZM2G071130
	GRMZM2G074009
	GRMZM2G074032
	GRMZM2G074793
	GRMZM2G075785
	GRMZM2G075956
	GRMZM2G077902
	GRMZM2G078167
	GRMZM2G081782
	GRMZM2G081812
	GRMZM2G082202
	GRMZM2G084014
	GRMZM2G086277
	GRMZM2G086530
	GRMZM2G088917
	GRMZM2G089557
	GRMZM2G089721
	GRMZM2G090332
	GRMZM2G090595
	GRMZM2G091078
	GRMZM2G092735_T01
	GRMZM2G093305
	GRMZM2G097798
	GRMZM2G099384
	GRMZM2G100941
	GRMZM2G101941
	GRMZM2G104516
	GRMZM2G105092
	GRMZM2G105224
	GRMZM2G106026
	GRMZM2G107064
	GRMZM2G107129
	GRMZM2G108818
	GRMZM2G112799
	GRMZM2G113860
	GRMZM2G114660
	GRMZM2G114669
	GRMZM2G115388
	GRMZM2G117186
	GRMZM2G120794
	GRMZM2G121350
	GRMZM2G122964
	GRMZM2G123094
	GRMZM2G129261
	GRMZM2G129428
	GRMZM2G130627
	GRMZM2G132756
	GRMZM2G134998
	GRMZM2G135069
	GRMZM2G135325
	GRMZM2G135754
	GRMZM2G136494
	GRMZM2G137070
	GRMZM2G137736
	GRMZM2G139160
	GRMZM2G140016
	GRMZM2G140033
	GRMZM2G140299
	GRMZM2G141031
	GRMZM2G141897
	GRMZM2G142502
	GRMZM2G143723
	GRMZM2G144832
	GRMZM2G150011
	GRMZM2G150776
	GRMZM2G151309
	GRMZM2G153399
	GRMZM2G153573
	GRMZM2G154423
	GRMZM2G157197
	GRMZM2G157962
	GRMZM2G158141
	GRMZM2G160508
	GRMZM2G161255
	GRMZM2G161324
	GRMZM2G164856
	GRMZM2G165355
	GRMZM2G165565
	GRMZM2G165581
	GRMZM2G166527
	GRMZM2G166782
	GRMZM2G166970
	GRMZM2G170520
	GRMZM2G171073
	GRMZM2G172605
	GRMZM2G175000
	GRMZM2G177693
	GRMZM2G179677
	AC191337.4_FGP036
	AC208434.3_FGP035
	GRMZM2G001279
	GRMZM2G002981
	GRMZM2G003424
	GRMZM2G004795
	GRMZM2G005126
	GRMZM2G006493
	GRMZM2G006611
	GRMZM2G010323
	GRMZM2G010418
	GRMZM2G012041
	GRMZM2G014838
	GRMZM2G015561
	GRMZM2G017923
	GRMZM2G020928
	GRMZM2G021834
	GRMZM2G024061
	GRMZM2G024655
	GRMZM2G025014
	GRMZM2G025800
	GRMZM2G027298
	GRMZM2G028492
	GRMZM2G028609
	GRMZM2G030795
	GRMZM2G031827
	GRMZM2G032258
	GRMZM2G036837
	GRMZM2G037200
	GRMZM2G037741
	GRMZM2G039889
	GRMZM2G041799
	GRMZM2G041825
	GRMZM2G042833
	GRMZM2G044004
	GRMZM2G044398
	GRMZM2G046968
	GRMZM2G047125
	GRMZM2G047528
	GRMZM2G049027
	GRMZM2G054844
	GRMZM2G054865
	GRMZM2G056920
	GRMZM2G059173
	GRMZM2G064728
	GRMZM2G064849
	GRMZM2G066567
	GRMZM2G068476
	GRMZM2G069009
	GRMZM2G071034
	GRMZM2G076521
	GRMZM2G076570
	GRMZM2G077049
	GRMZM2G077078
	GRMZM2G086614
	GRMZM2G086994
	GRMZM2G087032
	GRMZM2G088767
	GRMZM2G089050
	GRMZM2G091273
	GRMZM2G093281
	GRMZM2G093404
	GRMZM2G093721
	GRMZM2G095198
	GRMZM2G096399
	GRMZM2G098715
	GRMZM2G099622
	GRMZM2G100794
	GRMZM2G107491
	GRMZM2G110402
	GRMZM2G114688
	GRMZM2G116416
	GRMZM2G119640
	GRMZM2G122777
	GRMZM2G123876
	GRMZM2G124476
	GRMZM2G126197
	GRMZM2G128293
	GRMZM2G132281
	GRMZM2G132749
	GRMZM2G146047
	GRMZM2G146514
	GRMZM2G147623
	GRMZM2G148090
	GRMZM2G149347
	GRMZM2G150262
	GRMZM2G150440
	GRMZM2G151689
	GRMZM2G157927
	GRMZM2G162119
	GRMZM2G166990
	GRMZM2G168765
	GRMZM2G170197
	GRMZM2G171942
	GRMZM2G173124
	GRMZM2G174857
	GRMZM2G175179
	GRMZM2G177229
	GRMZM2G178473
	GRMZM2G180979
	GRMZM2G181581
	GRMZM2G032336
	GRMZM2G038484
	GRMZM2G132157
	GRMZM2G143205
	GRMZM2G147487
	GRMZM2G150051
	GRMZM2G171600
	AC197054.3_FGP034
	AC199769.5_FGP039
	AC199769.5_FGP040
	AC201832.3_FGP033
	AC211408.2_FGP042
	GRMZM2G000686
	GRMZM2G004133
	GRMZM2G005367
	GRMZM2G009782
	GRMZM2G011789
	GRMZM2G012654
	GRMZM2G015120
	GRMZM2G022162
	GRMZM2G023994
	GRMZM2G033245
	GRMZM2G034246
	GRMZM2G035215
	GRMZM2G038190
	GRMZM2G038303
	GRMZM2G040349
	GRMZM2G041381
	GRMZM2G042047
	GRMZM2G043835
	GRMZM2G046055
	GRMZM2G047813
	GRMZM2G052499
	GRMZM2G052774
	GRMZM2G062594
	GRMZM2G064426
	GRMZM2G074773
	GRMZM2G078691
	GRMZM2G082262
	GRMZM2G089812
	GRMZM2G091433
	GRMZM2G091964
	GRMZM2G096016
	GRMZM2G096439
	GRMZM2G099066
	GRMZM2G099461
	GRMZM2G104396
	GRMZM2G105317
	GRMZM2G107540
	GRMZM2G110210
	GRMZM2G113127
	GRMZM2G124421
	GRMZM2G124663
	GRMZM2G137340
	GRMZM2G140653
	GRMZM2G140851
	GRMZM2G143895
	GRMZM2G146286
	GRMZM2G147712
	GRMZM2G151726
	GRMZM2G152034
	GRMZM2G152822
	GRMZM2G161680
	GRMZM2G165488
	GRMZM2G167576
	GRMZM2G169884
	GRMZM2G169908
	GRMZM2G174776
	GRMZM2G180947
	GRMZM2G015097
	GRMZM2G023936
	GRMZM2G044182
	GRMZM2G045880
	GRMZM2G059678
	GRMZM2G060170
	GRMZM2G066986
	GRMZM2G086570
	GRMZM2G092259
	GRMZM2G096600
	GRMZM2G098684
	GRMZM2G104246
	GRMZM2G109514
	GRMZM2G124285
	GRMZM2G153754
	GRMZM2G156574
	GRMZM2G157405
	GRMZM2G173198
	GRMZM2G056361
	GRMZM2G057609
	GRMZM2G090076
	GRMZM2G141150
	GRMZM2G176223
	GRMZM2G179385
	GRMZM2G009163
	GRMZM2G043968
	GRMZM2G050228
	GRMZM2G057768
	GRMZM2G084179
	GRMZM2G108147
	GRMZM2G111444
	GRMZM2G149132
	GRMZM2G158734
	GRMZM2G180430
	GRMZM2G001699
	GRMZM2G009391
	GRMZM2G024688
	GRMZM2G030926
	GRMZM2G041701
	GRMZM2G050590
	GRMZM2G052515
	GRMZM2G060000
	GRMZM2G060527
	GRMZM2G063387
	GRMZM2G078867
	GRMZM2G086072
	GRMZM2G100426
	GRMZM2G109661
	GRMZM2G136245
	GRMZM2G139024
	GRMZM2G148506
	GRMZM2G163951
	GRMZM2G169709
	GRMZM2G003558
	GRMZM2G006752
	GRMZM2G022488
	GRMZM2G033570
	GRMZM2G040481
	GRMZM2G044322
	GRMZM2G108108
	GRMZM2G113824
	GRMZM2G117172
	GRMZM2G132448
	GRMZM2G138940
	GRMZM2G144349
	GRMZM2G151811
	AC197758.3_FGP030
	AC204776.3_FGP036
	GRMZM2G001663
	GRMZM2G024546
	GRMZM2G034868
	GRMZM2G042842
	GRMZM2G043250
	GRMZM2G048987
	GRMZM2G054205
	GRMZM2G069484
	GRMZM2G089313
	GRMZM2G098330
	GRMZM2G104268
	GRMZM2G106616
	GRMZM2G106653
	GRMZM2G107153
	GRMZM2G114461
	GRMZM2G117108
	GRMZM2G127451
	GRMZM2G129311
	GRMZM2G130165
	GRMZM2G135998
	GRMZM2G143057
	GRMZM2G148740
	GRMZM2G148940
	GRMZM2G155980
	GRMZM2G163320
	GRMZM2G177413
	GRMZM2G181438
	GRMZM2G006246
	GRMZM2G010264
	GRMZM2G031603
	GRMZM2G058811
	GRMZM2G067722
	GRMZM2G081221
	GRMZM2G086138
	GRMZM2G095783
	GRMZM2G105822
	GRMZM2G113156
	GRMZM2G122681
	GRMZM2G127139
	GRMZM2G129243
	GRMZM2G133716
	GRMZM2G136344
	GRMZM2G150608
	GRMZM2G154690
	GRMZM2G172021
	GRMZM2G177895
	AC190801.3_FGP028
	GRMZM2G006477
	GRMZM2G007212
	GRMZM2G010920
	GRMZM2G012637
	GRMZM2G016370
	GRMZM2G017396
	GRMZM2G022333
	GRMZM2G024361
	GRMZM2G026833
	GRMZM2G032649
	GRMZM2G033631
	GRMZM2G034563
	GRMZM2G035370
	GRMZM2G043361
	GRMZM2G052544
	GRMZM2G056400
	GRMZM2G058461
	GRMZM2G060834
	GRMZM2G064197
	GRMZM2G066512
	GRMZM2G067702
	GRMZM2G069525
	GRMZM2G070865
	GRMZM2G073127
	GRMZM2G073897
	GRMZM2G074908
	GRMZM2G075362
	GRMZM2G076488
	GRMZM2G079266
	GRMZM2G079749
	GRMZM2G081671
	GRMZM2G082264
	GRMZM2G082922
	GRMZM2G083839
	GRMZM2G085554
	GRMZM2G087804
	GRMZM2G090230
	GRMZM2G096077
	GRMZM2G100176
	GRMZM2G100709
	GRMZM2G100855
	GRMZM2G101726
	GRMZM2G106185
	GRMZM2G111448
	GRMZM2G111744
	GRMZM2G113742
	GRMZM2G117193
	GRMZM2G117854
	GRMZM2G118631
	GRMZM2G119576
	GRMZM2G119940
	GRMZM2G123308
	GRMZM2G124495
	GRMZM2G124540
	GRMZM2G125704
	GRMZM2G137254
	GRMZM2G143881
	GRMZM2G144014
	GRMZM2G151823
	GRMZM2G151987
	GRMZM2G154053
	GRMZM2G155963
	GRMZM2G159119
	GRMZM2G162409
	GRMZM2G170324
	GRMZM2G171025
	GRMZM2G171468
	GRMZM2G173882
	GRMZM2G173943
	GRMZM2G175827
	GRMZM2G177038
	GRMZM2G179730
	GRMZM2G020408
	GRMZM2G026417
	GRMZM2G029965
	GRMZM2G030458
	GRMZM2G041818
	GRMZM2G049899
	GRMZM2G075122
	GRMZM2G082318
	GRMZM2G092409
	GRMZM2G121466
	GRMZM2G134866
	GRMZM2G147515
	GRMZM2G162405
	AC187209.5_FGP031
	AC191401.3_FGP045
	AC198366.3_FGP040
	AC198420.4_FGP056
	AC207334.3_FGP042
	AC217624.1_FGP038
	AC217999.3_FGP030
	GRMZM2G001426
	GRMZM2G013016
	GRMZM2G015004
	GRMZM2G015080
	GRMZM2G015696
	GRMZM2G018254
	GRMZM2G019060
	GRMZM2G022717
	GRMZM2G023872
	GRMZM2G024320
	GRMZM2G024973
	GRMZM2G028039
	GRMZM2G028438
	GRMZM2G028608
	GRMZM2G037286
	GRMZM2G037792
	GRMZM2G038199
	GRMZM2G043233
	GRMZM2G049159
	GRMZM2G051785
	GRMZM2G055263
	GRMZM2G057736
	GRMZM2G060265
	GRMZM2G067446
	GRMZM2G068223
	GRMZM2G070371
	GRMZM2G071183
	GRMZM2G072576
	GRMZM2G073741
	GRMZM2G073779
	GRMZM2G073805
	GRMZM2G073823
	GRMZM2G076855
	GRMZM2G079470
	GRMZM2G079980
	GRMZM2G082387
	GRMZM2G082656
	GRMZM2G089636
	GRMZM2G089662
	GRMZM2G091656
	GRMZM2G096928
	GRMZM2G097456
	GRMZM2G098517
	GRMZM2G098784
	GRMZM2G098800
	GRMZM2G104342
	GRMZM2G106336
	GRMZM2G106356
	GRMZM2G106548
	GRMZM2G109869
	GRMZM2G110067
	GRMZM2G114680
	GRMZM2G116638
	GRMZM2G117421
	GRMZM2G117426
	GRMZM2G120504
	GRMZM2G122312
	GRMZM2G122741
	GRMZM2G124256
	GRMZM2G125501
	GRMZM2G128893
	GRMZM2G129154
	GRMZM2G130188
	GRMZM2G130825
	GRMZM2G131516
	GRMZM2G132794
	GRMZM2G133169
	GRMZM2G140085
	GRMZM2G140094
	GRMZM2G143433
	GRMZM2G144744
	GRMZM2G146018
	GRMZM2G146938
	GRMZM2G147945
	GRMZM2G148759
	GRMZM2G153333
	GRMZM2G157679
	GRMZM2G159475
	GRMZM2G159980
	GRMZM2G163427
	GRMZM2G167471
	GRMZM2G167493
	GRMZM2G169378
	GRMZM2G169636
	GRMZM2G172657
	GRMZM2G173429
	GRMZM2G176537
	GRMZM2G179325
	GRMZM2G004619
	GRMZM2G013451
	GRMZM2G018414
	GRMZM2G034876
	GRMZM2G041223
	GRMZM2G045977
	GRMZM2G074067
	GRMZM2G075449
	GRMZM2G096709
	GRMZM2G098594
	GRMZM2G099862
	GRMZM2G105335
	GRMZM2G124566
	GRMZM2G129147
	GRMZM2G146973
	GRMZM2G178261
	AC196796.4_FGP033
	AC203051.3_FGP029
	AC206246.3_FGP039
	AC217288.3_FGP029
	AC217434.1_FGP029
	GRMZM2G000743
	GRMZM2G001289
	GRMZM2G001777
	GRMZM2G002225
	GRMZM2G002635
	GRMZM2G002915
	GRMZM2G003304
	GRMZM2G003509
	GRMZM2G004334
	GRMZM2G004641
	GRMZM2G004957
	GRMZM2G005624
	GRMZM2G006691
	GRMZM2G006758
	GRMZM2G007337
	GRMZM2G008286
	GRMZM2G010482
	GRMZM2G011588
	GRMZM2G013617
	GRMZM2G016800
	GRMZM2G017087
	GRMZM2G018584
	GRMZM2G018935
	GRMZM2G021339
	GRMZM2G022492
	GRMZM2G022493
	GRMZM2G026643
	GRMZM2G028041
	GRMZM2G028622
	GRMZM2G031882
	GRMZM2G032332
	GRMZM2G033138
	GRMZM2G033185
	GRMZM2G034113
	GRMZM2G034832
	GRMZM2G035379
	GRMZM2G036189
	GRMZM2G037218
	GRMZM2G038252
	GRMZM2G041127
	GRMZM2G041462
	GRMZM2G042250
	GRMZM2G044752
	GRMZM2G047448
	GRMZM2G047715
	GRMZM2G048922
	GRMZM2G049425
	GRMZM2G051310
	GRMZM2G051366
	GRMZM2G052642
	GRMZM2G055243
	GRMZM2G056368
	GRMZM2G056600
	GRMZM2G060050
	GRMZM2G060507
	GRMZM2G060541
	GRMZM2G061101
	GRMZM2G062244
	GRMZM2G064466
	GRMZM2G067003
	GRMZM2G068318
	GRMZM2G068672
	GRMZM2G069028
	GRMZM2G069274
	GRMZM2G069616
	GRMZM2G070910
	GRMZM2G071444
	GRMZM2G074645
	GRMZM2G075740
	GRMZM2G075761
	GRMZM2G076272
	GRMZM2G080016
	GRMZM2G083051
	GRMZM2G084044
	GRMZM2G084642
	GRMZM2G086057
	GRMZM2G087741
	GRMZM2G088697
	GRMZM2G094241
	GRMZM2G094935
	GRMZM2G096899
	GRMZM2G097349
	GRMZM2G097954
	GRMZM2G098139
	GRMZM2G099319
	GRMZM2G101680
	GRMZM2G104204
	GRMZM2G105834
	GRMZM2G106276
	GRMZM2G106613
	GRMZM2G108940
	GRMZM2G109252
	GRMZM2G109987
	GRMZM2G111204
	GRMZM2G111573
	GRMZM2G116063
	GRMZM2G116600
	GRMZM2G116658
	GRMZM2G117164
	GRMZM2G118063
	GRMZM2G119999
	GRMZM2G122076
	GRMZM2G122537
	GRMZM2G122750
	GRMZM2G122897
	GRMZM2G123140
	GRMZM2G123782
	GRMZM2G125078
	GRMZM2G125976
	GRMZM2G126170
	GRMZM2G126239
	GRMZM2G126646
	GRMZM2G126808
	GRMZM2G127306
	GRMZM2G127537
	GRMZM2G130442
	GRMZM2G130642
	GRMZM2G131476
	GRMZM2G132367
	GRMZM2G133699
	GRMZM2G133935
	GRMZM2G133972
	GRMZM2G134260
	GRMZM2G134372
	GRMZM2G135419
	GRMZM2G135447
	GRMZM2G136369
	GRMZM2G139963
	GRMZM2G142962
	GRMZM2G143066
	GRMZM2G145690
	GRMZM2G148074
	GRMZM2G148098
	GRMZM2G150413
	GRMZM2G151116
	GRMZM2G152904
	GRMZM2G154641
	GRMZM2G158350
	GRMZM2G159357
	GRMZM2G159431
	GRMZM2G160783
	GRMZM2G161435
	GRMZM2G161961
	GRMZM2G162481
	GRMZM2G163641
	GRMZM2G166041
	GRMZM2G166114
	GRMZM2G166116
	GRMZM2G170371
	GRMZM2G170789
	GRMZM2G170958
	GRMZM2G173509
	GRMZM2G174564
	GRMZM2G176220
	GRMZM2G178102
	GRMZM2G178417
	GRMZM2G178577
	GRMZM2G178741
	GRMZM2G180481
	GRMZM2G108352
	GRMZM2G160856
	GRMZM2G000439
	GRMZM2G001407
	GRMZM2G002131
	GRMZM2G005684
	GRMZM2G005815
	GRMZM2G007543
	GRMZM2G010871
	GRMZM2G025685
	GRMZM2G026742
	GRMZM2G039925
	GRMZM2G049017
	GRMZM2G059851
	GRMZM2G069437
	GRMZM2G074399
	GRMZM2G084107
	GRMZM2G086880
	GRMZM2G088242
	GRMZM2G089525
	GRMZM2G098696
	GRMZM2G105348
	GRMZM2G105472
	GRMZM2G115456
	GRMZM2G118047
	GRMZM2G118453
	GRMZM2G118485
	GRMZM2G125969
	GRMZM2G132971
	GRMZM2G139535
	GRMZM2G143073
	GRMZM2G159367
	GRMZM2G164909
	GRMZM2G165272
	GRMZM2G165972
	GRMZM2G167503
	GRMZM2G173090
	GRMZM2G177988
	GRMZM2G178310
	GRMZM2G179802
	GRMZM2G098813
	GRMZM2G180190
	AC208204.3_FGP055
	GRMZM2G004959
	GRMZM2G010960
	GRMZM2G016525
	GRMZM2G024887
	GRMZM2G043401
	GRMZM2G047769
	GRMZM2G096607
	GRMZM2G122697
	GRMZM2G128206
	GRMZM2G134752
	GRMZM2G153268
	GRMZM2G170034
	GRMZM2G175761
	AC218000.3_FGP020
	GRMZM2G005363
	GRMZM2G006980
	GRMZM2G011385
	GRMZM2G014649
	GRMZM2G017319
	GRMZM2G021095
	GRMZM2G025758
	GRMZM2G025989
	GRMZM2G026167
	GRMZM2G030505
	GRMZM2G044150
	GRMZM2G044902
	GRMZM2G053580
	GRMZM2G055770
	GRMZM2G059329
	GRMZM2G059567
	GRMZM2G060197
	GRMZM2G060544
	GRMZM2G062252
	GRMZM2G070459
	GRMZM2G073044
	GRMZM2G074706
	GRMZM2G075499
	GRMZM2G075559
	GRMZM2G076327
	GRMZM2G078734
	GRMZM2G079185
	GRMZM2G079768
	GRMZM2G083315_T01
	GRMZM2G085339_T01
	GRMZM2G086814
	GRMZM2G086900
	GRMZM2G087099
	GRMZM2G091084
	GRMZM2G091910
	GRMZM2G092483
	GRMZM2G092517
	GRMZM2G092542
	GRMZM2G095260
	GRMZM2G095982
	GRMZM2G096064
	GRMZM2G097539
	GRMZM2G098135
	GRMZM2G099733
	GRMZM2G106759_T01
	GRMZM2G108564
	GRMZM2G110913
	GRMZM2G117488
	GRMZM2G118250
	GRMZM2G121487
	GRMZM2G126550
	GRMZM2G132667
	GRMZM2G132693
	GRMZM2G133806
	GRMZM2G135660
	GRMZM2G139487
	GRMZM2G140368
	GRMZM2G145568
	GRMZM2G146216
	GRMZM2G150594
	GRMZM2G154320
	GRMZM2G163222
	GRMZM2G165805
	GRMZM2G176026
	GRMZM2G177110
	GRMZM2G180319
	GRMZM2G180895
	GRMZM2G180900
	AC189075.3_FGP040
	AC190693.1_FGP033
	AC190882.3_FGP045
	AC193441.3_FGP023
	AC194628.3_FGP023
	AC201873.3_FGP032
	AC205520.3_FGP049
	AC212823.4_FGP040
	GRMZM2G001139
	GRMZM2G003514
	GRMZM2G005155
	GRMZM2G008537
	GRMZM2G012432
	GRMZM2G016772
	GRMZM2G018589
	GRMZM2G020289
	GRMZM2G025620
	GRMZM2G027930
	GRMZM2G028601
	GRMZM2G029593
	GRMZM2G032009
	GRMZM2G033316
	GRMZM2G033715
	GRMZM2G035092
	GRMZM2G035836
	GRMZM2G036925
	GRMZM2G037886
	GRMZM2G038878
	GRMZM2G043732
	GRMZM2G044408
	GRMZM2G046885
	GRMZM2G052045
	GRMZM2G052890
	GRMZM2G053242
	GRMZM2G055782
	GRMZM2G059402
	GRMZM2G059898
	GRMZM2G064882
	GRMZM2G065234
	GRMZM2G067608
	GRMZM2G069370
	GRMZM2G070161
	GRMZM2G071620
	GRMZM2G072582
	GRMZM2G073357
	GRMZM2G074691
	GRMZM2G075519
	GRMZM2G079727
	GRMZM2G083103
	GRMZM2G092330
	GRMZM2G097059
	GRMZM2G099408
	GRMZM2G099522
	GRMZM2G099577
	GRMZM2G101039
	GRMZM2G103592
	GRMZM2G105387
	GRMZM2G110153
	GRMZM2G112947
	GRMZM2G113477
	GRMZM2G117961
	GRMZM2G128953
	GRMZM2G129034
	GRMZM2G135018
	GRMZM2G136985
	GRMZM2G137137
	GRMZM2G137289
	GRMZM2G137387
	GRMZM2G137510
	GRMZM2G138658
	GRMZM2G139073
	GRMZM2G139352
	GRMZM2G146880
	GRMZM2G147716
	GRMZM2G148220
	GRMZM2G148693
	GRMZM2G152415
	GRMZM2G152862
	GRMZM2G154280
	GRMZM2G154820
	GRMZM2G156519
	GRMZM2G159397
	GRMZM2G159916
	GRMZM2G160565
	GRMZM2G160687
	GRMZM2G161143
	GRMZM2G161666
	GRMZM2G163335
	GRMZM2G168907
	GRMZM2G171365
	GRMZM2G171658
	GRMZM2G171963
	GRMZM2G173072
	GRMZM2G173786
	GRMZM2G174005
	GRMZM2G174686
	GRMZM2G180786
	GRMZM2G000610
	GRMZM2G012204
	GRMZM2G012999
	GRMZM2G017355
	GRMZM2G017429
	GRMZM2G023257
	GRMZM2G024386
	GRMZM2G024550
	GRMZM2G027142
	GRMZM2G029933
	GRMZM2G034217
	GRMZM2G060114
	GRMZM2G061542
	GRMZM2G062910
	GRMZM2G065548
	GRMZM2G065572
	GRMZM2G067084
	GRMZM2G093822
	GRMZM2G113181
	GRMZM2G119921
	GRMZM2G126694
	GRMZM2G130773
	GRMZM2G132709
	GRMZM2G142150
	GRMZM2G157716
	GRMZM2G159766
	GRMZM2G161146
	GRMZM2G164120
	GRMZM2G168665
	GRMZM2G177019
	GRMZM2G000818
	GRMZM2G001223
	GRMZM2G001824
	GRMZM2G001875
	GRMZM2G002128
	GRMZM2G002571
	GRMZM2G003406
	GRMZM2G004420
	GRMZM2G005066
	GRMZM2G005106
	GRMZM2G006352
	GRMZM2G006832
	GRMZM2G007973
	GRMZM2G007987
	GRMZM2G010213
	GRMZM2G010730
	GRMZM2G011422
	GRMZM2G013581
	GRMZM2G015021
	GRMZM2G017268
	GRMZM2G017520
	GRMZM2G020067
	GRMZM2G020772
	GRMZM2G021500
	GRMZM2G021528
	GRMZM2G021771
	GRMZM2G022686
	GRMZM2G024468
	GRMZM2G027697
	GRMZM2G028054
	GRMZM2G031323
	GRMZM2G032655
	GRMZM2G036512
	GRMZM2G037636
	GRMZM2G037650
	GRMZM2G038722
	GRMZM2G039557
	GRMZM2G040347
	GRMZM2G040411
	GRMZM2G040924
	GRMZM2G041415
	GRMZM2G043792
	GRMZM2G044718
	GRMZM2G044824
	GRMZM2G045439
	GRMZM2G045748
	GRMZM2G046443
	GRMZM2G047031
	GRMZM2G047600
	GRMZM2G047626
	GRMZM2G048136
	GRMZM2G048910
	GRMZM2G050305
	GRMZM2G050550
	GRMZM2G051256
	GRMZM2G051793
	GRMZM2G052377
	GRMZM2G052606
	GRMZM2G054111
	GRMZM2G055158
	GRMZM2G056407
	GRMZM2G056986
	GRMZM2G057027
	GRMZM2G057203
	GRMZM2G060199
	GRMZM2G061972
	GRMZM2G063269
	GRMZM2G064630
	GRMZM2G064744
	GRMZM2G069325
	GRMZM2G070523
	GRMZM2G070667
	GRMZM2G070849
	GRMZM2G076041
	GRMZM2G077147
	GRMZM2G077789
	GRMZM2G078820
	GRMZM2G079123
	GRMZM2G081557
	GRMZM2G081564
	GRMZM2G081919
	GRMZM2G083239
	GRMZM2G084583
	GRMZM2G084975
	GRMZM2G085738
	GRMZM2G086253
	GRMZM2G087955
	GRMZM2G088189
	GRMZM2G088783
	GRMZM2G089054
	GRMZM2G089406
	GRMZM2G089686
	GRMZM2G090837
	GRMZM2G091949
	GRMZM2G093647
	GRMZM2G093660
	GRMZM2G093789
	GRMZM2G094363
	GRMZM2G094946
	GRMZM2G095649
	GRMZM2G095904
	GRMZM2G096358
	GRMZM2G097636
	GRMZM2G097638
	GRMZM2G098179
	GRMZM2G101131
	GRMZM2G102790
	GRMZM2G103782
	GRMZM2G104158
	GRMZM2G104547
	GRMZM2G104551
	GRMZM2G104789
	GRMZM2G105017
	GRMZM2G105137
	GRMZM2G106558
	GRMZM2G108959
	GRMZM2G110135
	GRMZM2G111045
	GRMZM2G111117
	GRMZM2G111731
	GRMZM2G115859
	GRMZM2G117244
	GRMZM2G118380
	GRMZM2G118719
	GRMZM2G119693
	GRMZM2G121570
	GRMZM2G122690
	GRMZM2G123202
	GRMZM2G124715
	GRMZM2G124737
	GRMZM2G125522
	GRMZM2G126024
	GRMZM2G126566
	GRMZM2G126897
	GRMZM2G127130
	GRMZM2G127490
	GRMZM2G127587
	GRMZM2G127857
	GRMZM2G130149
	GRMZM2G131196
	GRMZM2G131442
	GRMZM2G131937
	GRMZM2G134279
	GRMZM2G137881
	GRMZM2G139284
	GRMZM2G139688
	GRMZM2G141654
	GRMZM2G142713
	GRMZM2G143046
	GRMZM2G143274
	GRMZM2G143328
	GRMZM2G144358
	GRMZM2G145444
	GRMZM2G147346
	GRMZM2G147433
	GRMZM2G147698
	GRMZM2G148631
	GRMZM2G148742
	GRMZM2G149958
	GRMZM2G150680
	GRMZM2G150841
	GRMZM2G151158
	GRMZM2G151205
	GRMZM2G151321
	GRMZM2G152021
	GRMZM2G155033
	GRMZM2G155668
	GRMZM2G157641
	GRMZM2G158700
	GRMZM2G159069
	GRMZM2G159547
	GRMZM2G159686
	GRMZM2G160838
	GRMZM2G160840
	GRMZM2G161512
	GRMZM2G162434
	GRMZM2G162695
	GRMZM2G162709
	GRMZM2G164566
	GRMZM2G166337
	GRMZM2G166840
	GRMZM2G167088
	GRMZM2G167814
	GRMZM2G167829
	GRMZM2G169316
	GRMZM2G169356
	GRMZM2G170049
	GRMZM2G170575
	GRMZM2G171781
	GRMZM2G172327
	GRMZM2G172487
	GRMZM2G172575
	GRMZM2G173633
	GRMZM2G175232
	GRMZM2G176327
	GRMZM2G176572
	GRMZM2G178388
	GRMZM2G179980
	AC187287.3_FGP042
	AC187910.5_FGP035
	AC190522.1_FGP046
	AC191048.2_FGP033
	AC191253.3_FGP045
	AC198763.3_FGP048
	AC203895.3_FGP034
	AC208787.3_FGP035
	AC208911.3_FGP036
	GRMZM2G000296
	GRMZM2G000954
	GRMZM2G001530
	GRMZM2G002238
	GRMZM2G003890
	GRMZM2G004090
	GRMZM2G011163
	GRMZM2G014534
	GRMZM2G019921
	GRMZM2G021468
	GRMZM2G022499
	GRMZM2G023667
	GRMZM2G023752
	GRMZM2G024054
	GRMZM2G027914
	GRMZM2G029850
	GRMZM2G030403
	GRMZM2G032180
	GRMZM2G034110
	GRMZM2G036747
	GRMZM2G038220
	GRMZM2G039063
	GRMZM2G039143
	GRMZM2G046438
	GRMZM2G047038
	GRMZM2G049695
	GRMZM2G052984
	GRMZM2G053412
	GRMZM2G055094
	GRMZM2G057408
	GRMZM2G057955
	GRMZM2G058726
	GRMZM2G064328
	GRMZM2G065829
	GRMZM2G068592
	GRMZM2G071468
	GRMZM2G071648
	GRMZM2G071977
	GRMZM2G072877
	GRMZM2G073560
	GRMZM2G073826
	GRMZM2G073836
	GRMZM2G075064
	GRMZM2G077633
	GRMZM2G078636
	GRMZM2G083670
	GRMZM2G084950
	GRMZM2G085618
	GRMZM2G087817
	GRMZM2G088524
	GRMZM2G088809
	GRMZM2G091201
	GRMZM2G095239
	GRMZM2G096521
	GRMZM2G096865
	GRMZM2G097391
	GRMZM2G098884
	GRMZM2G099919
	GRMZM2G100431
	GRMZM2G100884
	GRMZM2G101806
	GRMZM2G103783
	GRMZM2G105840
	GRMZM2G108424
	GRMZM2G111306
	GRMZM2G111906
	GRMZM2G112764
	GRMZM2G114503
	GRMZM2G115070
	GRMZM2G118693
	GRMZM2G119833
	GRMZM2G120598
	GRMZM2G121105
	GRMZM2G121111
	GRMZM2G122164
	GRMZM2G126322
	GRMZM2G129790
	GRMZM2G129817
	GRMZM2G135052
	GRMZM2G135410
	GRMZM2G136551
	GRMZM2G136887
	GRMZM2G137969
	GRMZM2G139174
	GRMZM2G139760
	GRMZM2G140375
	GRMZM2G143640
	GRMZM2G145041
	GRMZM2G148644
	GRMZM2G150260
	GRMZM2G150272
	GRMZM2G152319
	GRMZM2G153306
	GRMZM2G156402
	GRMZM2G157060
	GRMZM2G157306
	GRMZM2G158879
	GRMZM2G163291
	GRMZM2G164839
	GRMZM2G166244
	GRMZM2G167475
	GRMZM2G167816
	GRMZM2G170067
	GRMZM2G170148
	GRMZM2G170322
	GRMZM2G170850
	GRMZM2G174476
	GRMZM2G176568
	GRMZM2G176876
	GRMZM2G177336
	GRMZM2G177958
	GRMZM2G180017
	GRMZM2G181030
	GRMZM2G181032
	AC199851.4_FGP028
	AC210271.3_FGP053
	AC211441.4_FGP031
	GRMZM2G002839
	GRMZM2G003715
	GRMZM2G005600
	GRMZM2G007662
	GRMZM2G008046
	GRMZM2G008374
	GRMZM2G009892
	GRMZM2G011598
	GRMZM2G014653
	GRMZM2G018436
	GRMZM2G018553
	GRMZM2G019016
	GRMZM2G019724
	GRMZM2G023904
	GRMZM2G024087
	GRMZM2G025642
	GRMZM2G027309
	GRMZM2G030325
	GRMZM2G030938
	GRMZM2G031001
	GRMZM2G031120
	GRMZM2G031200
	GRMZM2G033742
	GRMZM2G033831
	GRMZM2G038073
	GRMZM2G039698
	GRMZM2G040768
	GRMZM2G041668
	GRMZM2G041746
	GRMZM2G042494
	GRMZM2G043199
	GRMZM2G043813
	GRMZM2G044342
	GRMZM2G047089
	GRMZM2G047469
	GRMZM2G048826
	GRMZM2G052239
	GRMZM2G054252
	GRMZM2G054277
	GRMZM2G055357
	GRMZM2G058518
	GRMZM2G058773
	GRMZM2G059428
	GRMZM2G060116
	GRMZM2G062009
	GRMZM2G062650
	GRMZM2G062773
	GRMZM2G063347
	GRMZM2G063522
	GRMZM2G064541
	GRMZM2G065720
	GRMZM2G068573
	GRMZM2G068973
	GRMZM2G069047
	GRMZM2G069513
	GRMZM2G074329
	GRMZM2G074358
	GRMZM2G078954
	GRMZM2G079012
	GRMZM2G079632
	GRMZM2G081197
	GRMZM2G081930
	GRMZM2G082620
	GRMZM2G082709
	GRMZM2G083347
	GRMZM2G084934
	GRMZM2G086768
	GRMZM2G089560
	GRMZM2G090306
	GRMZM2G090457
	GRMZM2G090826
	GRMZM2G091490
	GRMZM2G092465
	GRMZM2G092897
	GRMZM2G093156
	GRMZM2G094067
	GRMZM2G094185
	GRMZM2G095584
	GRMZM2G099144
	GRMZM2G100583
	GRMZM2G100593
	GRMZM2G104074
	GRMZM2G104078
	GRMZM2G104174
	GRMZM2G104400
	GRMZM2G106437
	GRMZM2G109627
	GRMZM2G111652
	GRMZM2G111770
	GRMZM2G112481
	GRMZM2G112548
	GRMZM2G112681
	GRMZM2G113950
	GRMZM2G114850
	GRMZM2G115721
	GRMZM2G117062
	GRMZM2G122615
	GRMZM2G123246
	GRMZM2G123667
	GRMZM2G125608
	GRMZM2G125700
	GRMZM2G125777
	GRMZM2G126817
	GRMZM2G126936
	GRMZM2G127379
	GRMZM2G129023
	GRMZM2G130153
	GRMZM2G130688
	GRMZM2G131007
	GRMZM2G133231
	GRMZM2G134383
	GRMZM2G134593
	GRMZM2G134687
	GRMZM2G137006
	GRMZM2G139559
	GRMZM2G139700
	GRMZM2G140174
	GRMZM2G140901
	GRMZM2G142294
	GRMZM2G144065
	GRMZM2G145155
	GRMZM2G147867
	GRMZM2G147972
	GRMZM2G150117
	GRMZM2G150239
	GRMZM2G152543
	GRMZM2G153322
	GRMZM2G153432
	GRMZM2G154182
	GRMZM2G156977
	GRMZM2G159073
	GRMZM2G159094
	GRMZM2G159500
	GRMZM2G162739
	GRMZM2G163251
	GRMZM2G163841
	GRMZM2G163843
	GRMZM2G163914
	GRMZM2G164962
	GRMZM2G166513
	GRMZM2G166721
	GRMZM2G167018
	GRMZM2G167492
	GRMZM2G171395
	GRMZM2G172264
	GRMZM2G174070
	GRMZM2G175256
	GRMZM2G176677
	GRMZM2G178998
	GRMZM2G179049
	GRMZM2G179203
	GRMZM2G179885
	GRMZM2G180328
	GRMZM2G181161
	GRMZM2G181605
	AC191261.3_FGP041
	AC196390.3_FGP022
	GRMZM2G001721_T01
	GRMZM2G013271
	GRMZM2G013302
	GRMZM2G023285
	GRMZM2G026927
	GRMZM2G027865
	GRMZM2G028982
	GRMZM2G032478
	GRMZM2G037043
	GRMZM2G039312
	GRMZM2G040673
	GRMZM2G041761
	GRMZM2G044013_T01
	GRMZM2G053656
	GRMZM2G053985
	GRMZM2G055257
	GRMZM2G055737
	GRMZM2G057753
	GRMZM2G057794
	GRMZM2G067376
	GRMZM2G067931
	GRMZM2G068036
	GRMZM2G075988
	GRMZM2G078626
	GRMZM2G092035
	GRMZM2G095452
	GRMZM2G096252
	GRMZM2G100133
	GRMZM2G105444
	GRMZM2G105876
	GRMZM2G106110
	GRMZM2G106781
	GRMZM2G106836
	GRMZM2G120283
	GRMZM2G121706
	GRMZM2G122585
	GRMZM2G122709
	GRMZM2G124334
	GRMZM2G127431
	GRMZM2G127680
	GRMZM2G129532
	GRMZM2G130131
	GRMZM2G132922
	GRMZM2G133311
	GRMZM2G137869
	GRMZM2G140813
	GRMZM2G150823
	GRMZM2G153556
	GRMZM2G164428
	GRMZM2G165113
	GRMZM2G166354
	GRMZM2G169973
	GRMZM2G178424
	AC187568.4_FGP027
	AC193501.3_FGP034
	AC199625.3_FGP035
	AC200038.4_FGP044
	AC205822.3_FGP023
	AC206782.3_FGP036
	AC208351.2_FGP051
	AC215811.3_FGP049
	AC215909.3_FGP035
	AC220956.2_FGP031
	GRMZM2G001447
	GRMZM2G001592
	GRMZM2G001606
	GRMZM2G003755
	GRMZM2G004483
	GRMZM2G005732
	GRMZM2G007526
	GRMZM2G008482
	GRMZM2G008512
	GRMZM2G014133
	GRMZM2G014674
	GRMZM2G016145
	GRMZM2G016216
	GRMZM2G017589
	GRMZM2G017845
	GRMZM2G019335
	GRMZM2G022509
	GRMZM2G025579
	GRMZM2G026340
	GRMZM2G026354
	GRMZM2G026474
	GRMZM2G028594
	GRMZM2G029677
	GRMZM2G032039
	GRMZM2G032071
	GRMZM2G032341
	GRMZM2G033612
	GRMZM2G033915
	GRMZM2G034253
	GRMZM2G035145
	GRMZM2G035688
	GRMZM2G039696
	GRMZM2G040005
	GRMZM2G040736
	GRMZM2G045263
	GRMZM2G048596
	GRMZM2G048993
	GRMZM2G050415
	GRMZM2G054558
	GRMZM2G056009
	GRMZM2G057529
	GRMZM2G062218
	GRMZM2G062351
	GRMZM2G062885
	GRMZM2G063208
	GRMZM2G065692
	GRMZM2G067743
	GRMZM2G067775
	GRMZM2G069248
	GRMZM2G070446
	GRMZM2G075320
	GRMZM2G075368
	GRMZM2G075373
	GRMZM2G075480
	GRMZM2G081577
	GRMZM2G083688
	GRMZM2G084824
	GRMZM2G085218
	GRMZM2G087293
	GRMZM2G089010
	GRMZM2G090264
	GRMZM2G092333
	GRMZM2G095299
	GRMZM2G096171
	GRMZM2G097454
	GRMZM2G098442
	GRMZM2G098474
	GRMZM2G099328
	GRMZM2G100107
	GRMZM2G101336
	GRMZM2G106108
	GRMZM2G107046
	GRMZM2G107595
	GRMZM2G108272
	GRMZM2G108694
	GRMZM2G110541
	GRMZM2G114565
	GRMZM2G114830
	GRMZM2G116475
	GRMZM2G118884
	GRMZM2G121016
	GRMZM2G121211
	GRMZM2G122796
	GRMZM2G123468
	GRMZM2G123550
	GRMZM2G125943
	GRMZM2G126026
	GRMZM2G127426
	GRMZM2G128207
	GRMZM2G128505
	GRMZM2G129954
	GRMZM2G130580
	GRMZM2G131982
	GRMZM2G132768
	GRMZM2G132918
	GRMZM2G133555
	GRMZM2G134066
	GRMZM2G134552
	GRMZM2G135446
	GRMZM2G136167
	GRMZM2G137683
	GRMZM2G138959
	GRMZM2G143326
	GRMZM2G143718
	GRMZM2G146614
	GRMZM2G147628
	GRMZM2G148056
	GRMZM2G148453
	GRMZM2G151223
	GRMZM2G151694
	GRMZM2G151851
	GRMZM2G151934
	GRMZM2G152661
	GRMZM2G153594
	GRMZM2G155370
	GRMZM2G155767
	GRMZM2G156019
	GRMZM2G157323
	GRMZM2G158140
	GRMZM2G158252
	GRMZM2G158523
	GRMZM2G160198
	GRMZM2G161447
	GRMZM2G165991
	GRMZM2G168283
	GRMZM2G170201
	GRMZM2G171338
	GRMZM2G171479
	GRMZM2G179827
	GRMZM2G012262
	GRMZM2G117529
	GRMZM2G155662
	AC184784.3_FGP017
	AC203748.3_FGP037
	AC205255.3_FGP036
	GRMZM2G004548
	GRMZM2G006585
	GRMZM2G015694
	GRMZM2G017882
	GRMZM2G043507
	GRMZM2G049987
	GRMZM2G058645
	GRMZM2G070295
	GRMZM2G074752
	GRMZM2G077495
	GRMZM2G086403
	GRMZM2G091044
	GRMZM2G094168
	GRMZM2G110353
	GRMZM2G131280
	GRMZM2G149249
	GRMZM2G154620
	GRMZM2G171934
	GRMZM2G004663
	GRMZM2G012329
	GRMZM2G012986
	GRMZM2G027830
	GRMZM2G031398
	GRMZM2G035447
	GRMZM2G042278
	GRMZM2G046168
	GRMZM2G048582
	GRMZM2G048689
	GRMZM2G057131
	GRMZM2G071322
	GRMZM2G071422
	GRMZM2G077133
	GRMZM2G094550
	GRMZM2G105004
	GRMZM2G105641
	GRMZM2G109509
	GRMZM2G157653
	GRMZM2G172331
	GRMZM2G175175
	GRMZM2G176655
	GRMZM2G056929
	GRMZM2G147424
	GRMZM2G006850
	GRMZM2G015007
	GRMZM2G020881
	GRMZM2G024760
	GRMZM2G036297
	GRMZM2G040785
	GRMZM2G058588
	GRMZM2G061734
	GRMZM2G065451
	GRMZM2G067624
	GRMZM2G075639
	GRMZM2G080065
	GRMZM2G081127
	GRMZM2G090058
	GRMZM2G097275
	GRMZM2G098557
	GRMZM2G101499
	GRMZM2G101511
	GRMZM2G102758
	GRMZM2G106798
	GRMZM2G108162
	GRMZM2G109354
	GRMZM2G113779
	GRMZM2G114243
	GRMZM2G126018
	GRMZM2G126827
	GRMZM2G133279
	GRMZM2G133646
	GRMZM2G138421
	GRMZM2G145615
	GRMZM2G148467
	GRMZM2G154844
	GRMZM2G156621
	GRMZM2G156756
	GRMZM2G160932
	GRMZM2G163813
	GRMZM2G168229
	GRMZM2G169270
	GRMZM2G003182
	GRMZM2G006736
	GRMZM2G077436
	GRMZM2G090783
	GRMZM2G098893
	GRMZM2G100086
	GRMZM2G143392
	GRMZM2G144196
	GRMZM2G164084
	GRMZM2G170480
	GRMZM2G017606
	GRMZM2G034042
	GRMZM2G042407
	GRMZM2G054981
	GRMZM2G077752
	GRMZM2G080295
	GRMZM2G097683
	GRMZM2G106852
	GRMZM2G108798
	GRMZM2G114273
	GRMZM2G135783
	GRMZM2G149425
	GRMZM2G160190
	GRMZM2G163613
	GRMZM2G179021
	GRMZM2G006201
	GRMZM2G035123
	GRMZM2G069886
	GRMZM2G094748
	GRMZM2G109502
	GRMZM2G139977
	GRMZM2G170010
	GRMZM2G176332
	AC195983.3_FGP042
	AC199117.2_FGP034
	AC200257.4_FGP042
	AC213524.3_FGP026
	GRMZM2G002591
	GRMZM2G003944
	GRMZM2G013570
	GRMZM2G015037
	GRMZM2G017111
	GRMZM2G017592
	GRMZM2G020805
	GRMZM2G024639
	GRMZM2G031639
	GRMZM2G031905
	GRMZM2G034638
	GRMZM2G035944
	GRMZM2G042977
	GRMZM2G051561
	GRMZM2G055024
	GRMZM2G058841
	GRMZM2G059636
	GRMZM2G060319
	GRMZM2G062711
	GRMZM2G064628
	GRMZM2G077755
	GRMZM2G078077
	GRMZM2G088440
	GRMZM2G089361
	GRMZM2G089638
	GRMZM2G092214
	GRMZM2G093895
	GRMZM2G096610
	GRMZM2G102538
	GRMZM2G105287
	GRMZM2G107031
	GRMZM2G108954
	GRMZM2G110242
	GRMZM2G113888
	GRMZM2G115516
	GRMZM2G116402
	GRMZM2G120151
	GRMZM2G124081
	GRMZM2G135461
	GRMZM2G142751
	GRMZM2G144999
	GRMZM2G145178
	GRMZM2G152879
	GRMZM2G166687
	GRMZM2G166946
	GRMZM2G170139
	GRMZM2G170216
	GRMZM2G170232
	GRMZM2G178603
	GRMZM2G180568
	AC190838.3_FGP043
	AC194381.3_FGP030
	AC196795.4_FGP057
	AC197764.4_FGP039
	AC225818.2_FGP031
	GRMZM2G003227
	GRMZM2G005954
	GRMZM2G008222
	GRMZM2G010999
	GRMZM2G017219
	GRMZM2G018219
	GRMZM2G019526
	GRMZM2G023701
	GRMZM2G024680
	GRMZM2G027807
	GRMZM2G034252
	GRMZM2G035621
	GRMZM2G036288
	GRMZM2G036351
	GRMZM2G042708
	GRMZM2G042778
	GRMZM2G054689
	GRMZM2G058529
	GRMZM2G063632
	GRMZM2G064775
	GRMZM2G066020
	GRMZM2G073122
	GRMZM2G086920
	GRMZM2G088049
	GRMZM2G089736
	GRMZM2G101769
	GRMZM2G103469
	GRMZM2G110131
	GRMZM2G116614
	GRMZM2G117513
	GRMZM2G119744
	GRMZM2G122160
	GRMZM2G126507
	GRMZM2G142503
	GRMZM2G143402
	GRMZM2G145407
	GRMZM2G145412
	GRMZM2G145458
	GRMZM2G147936
	GRMZM2G148957
	GRMZM2G151519
	GRMZM2G159293
	GRMZM2G165592
	GRMZM2G171830
	GRMZM2G173596
	AC189746.3_FGP021
	GRMZM2G010773
	GRMZM2G013230
	GRMZM2G016637
	GRMZM2G016649
	GRMZM2G021831
	GRMZM2G022885
	GRMZM2G023119
	GRMZM2G024056
	GRMZM2G031493
	GRMZM2G031877
	GRMZM2G037128
	GRMZM2G037493
	GRMZM2G037565
	GRMZM2G047370
	GRMZM2G049490
	GRMZM2G057395
	GRMZM2G061320
	GRMZM2G063203
	GRMZM2G063922
	GRMZM2G066702
	GRMZM2G073893
	GRMZM2G078817
	GRMZM2G080583
	GRMZM2G081632
	GRMZM2G092390
	GRMZM2G096229
	GRMZM2G102112
	GRMZM2G103315
	GRMZM2G106252
	GRMZM2G111760
	GRMZM2G113585
	GRMZM2G114872
	GRMZM2G134439
	GRMZM2G144752
	GRMZM2G145863
	GRMZM2G152497
	GRMZM2G153575
	GRMZM2G156348
	GRMZM2G157219
	GRMZM2G163157
	GRMZM2G169580
	GRMZM2G178791
	GRMZM2G180911
	GRMZM2G001272
	GRMZM2G010117
	GRMZM2G010531
	GRMZM2G029649
	GRMZM2G046158
	GRMZM2G046816
	GRMZM2G049146
	GRMZM2G053311
	GRMZM2G062154
	GRMZM2G068586
	GRMZM2G081869
	GRMZM2G108228
	GRMZM2G114736
	GRMZM2G115701
	GRMZM2G129288
	GRMZM2G134775
	GRMZM2G136820
	GRMZM2G146519
	GRMZM2G163726
	GRMZM2G170739
	GRMZM2G176340
	GRMZM2G004690
	GRMZM2G082745
	GRMZM2G090344
	GRMZM2G111696
	GRMZM2G124584
	GRMZM2G148967
	GRMZM2G156016
	GRMZM2G158717
	AC184134.2_FGP030
	AC188716.3_FGP041
	AC188750.4_FGP035
	AC191689.4_FGP041
	AC193630.3_FGP039
	AC194362.3_FGP022
	AC203975.3_FGP033
	AC205966.3_FGP019
	GRMZM2G003551
	GRMZM2G004060
	GRMZM2G005207
	GRMZM2G006301
	GRMZM2G006497
	GRMZM2G008029
	GRMZM2G010107
	GRMZM2G010577
	GRMZM2G012698
	GRMZM2G012724
	GRMZM2G013391
	GRMZM2G015433
	GRMZM2G018487
	GRMZM2G018721
	GRMZM2G020907
	GRMZM2G023429
	GRMZM2G023563
	GRMZM2G024505
	GRMZM2G024898
	GRMZM2G025895
	GRMZM2G027972
	GRMZM2G029282
	GRMZM2G029292
	GRMZM2G029795
	GRMZM2G030272
	GRMZM2G031963
	GRMZM2G032237
	GRMZM2G034421
	GRMZM2G036703
	GRMZM2G038158
	GRMZM2G040298
	GRMZM2G040940
	GRMZM2G045863
	GRMZM2G046312
	GRMZM2G048450
	GRMZM2G051240
	GRMZM2G052070
	GRMZM2G052671
	GRMZM2G053608
	GRMZM2G054125
	GRMZM2G054599_T01
	GRMZM2G054962
	GRMZM2G055496
	GRMZM2G057011
	GRMZM2G057116
	GRMZM2G059562
	GRMZM2G060918
	GRMZM2G061408
	GRMZM2G063216
	GRMZM2G063740
	GRMZM2G063880
	GRMZM2G064184
	GRMZM2G065290
	GRMZM2G066403
	GRMZM2G067947
	GRMZM2G069668
	GRMZM2G070202
	GRMZM2G070211
	GRMZM2G071221
	GRMZM2G071907
	GRMZM2G071967
	GRMZM2G073272
	GRMZM2G075068
	GRMZM2G075188
	GRMZM2G076657
	GRMZM2G076878
	GRMZM2G078455
	GRMZM2G082591
	GRMZM2G083350
	GRMZM2G083717
	GRMZM2G086332
	GRMZM2G090594
	GRMZM2G091331
	GRMZM2G098608
	GRMZM2G099561
	GRMZM2G099593
	GRMZM2G101405
	GRMZM2G101607
	GRMZM2G102583
	GRMZM2G102971
	GRMZM2G103551
	GRMZM2G105140
	GRMZM2G106966
	GRMZM2G110630
	GRMZM2G111354
	GRMZM2G111711
	GRMZM2G112470
	GRMZM2G113975
	GRMZM2G116262
	GRMZM2G117394
	GRMZM2G117562
	GRMZM2G118275
	GRMZM2G120287
	GRMZM2G120320
	GRMZM2G123387
	GRMZM2G125010
	GRMZM2G125653
	GRMZM2G126420
	GRMZM2G127064
	GRMZM2G127323
	GRMZM2G128402
	GRMZM2G129617
	GRMZM2G129823
	GRMZM2G130374
	GRMZM2G130854
	GRMZM2G131547
	GRMZM2G132034
	GRMZM2G132665
	GRMZM2G133025
	GRMZM2G137802
	GRMZM2G138683
	GRMZM2G139815
	GRMZM2G141115
	GRMZM2G141299
	GRMZM2G142287
	GRMZM2G143204
	GRMZM2G143765
	GRMZM2G144113
	GRMZM2G145035
	GRMZM2G145554
	GRMZM2G146931
	GRMZM2G147880
	GRMZM2G148087
	GRMZM2G148561
	GRMZM2G148613
	GRMZM2G149009
	GRMZM2G149219
	GRMZM2G149683
	GRMZM2G150441
	GRMZM2G151407
	GRMZM2G151444
	GRMZM2G151763
	GRMZM2G153310
	GRMZM2G155103
	GRMZM2G156529
	GRMZM2G157294
	GRMZM2G158328
	GRMZM2G161411
	GRMZM2G163054
	GRMZM2G163418
	GRMZM2G164082
	GRMZM2G164933
	GRMZM2G166468
	GRMZM2G168709
	GRMZM2G169149
	GRMZM2G169564
	GRMZM2G169966
	GRMZM2G171428
	GRMZM2G173680
	GRMZM2G176489
	GRMZM2G176504
	GRMZM2G178444
	AC182105.3_FGP022
	AC188724.3_FGP033
	AC189066.3_FGP037
	AC190635.3_FGP038
	AC191373.3_FGP035
	AC193442.2_FGP029
	AC193997.3_FGP036
	AC209951.3_FGP029
	AC210108.1_FGP112
	AC212066.3_FGP028
	AC214515.3_FGP036
	AC216821.3_FGP021
	GRMZM2G009583
	GRMZM2G050856
	GRMZM2G051955
	GRMZM2G068330
	GRMZM2G069365
	GRMZM2G071112
	GRMZM2G094754
	GRMZM2G116841
	GRMZM2G139332
	GRMZM2G141312
	GRMZM2G161315